{"西涌石拱桥+s359":[114.520743,22.473179]}
{"西涌石拱桥+南西路":[114.520743,22.473179]}
{"s359+西涌石拱桥":[114.520743,22.473179]}
{"s359+南西路":[114.520743,22.473179]}
{"南西路+西涌石拱桥":[114.520743,22.473179]}
{"南西路+s359":[114.520743,22.473179]}
