{"沙格线+y269":[114.522825,22.483073]}
{"沙格线+南西路":[114.524739,22.480451]}
{"沙格线+s359":[114.524739,22.480451]}
{"y269+沙格线":[114.522825,22.483073]}
{"y269+南西路":[114.524739,22.480451]}
{"y269+s359":[114.524739,22.480451]}
{"南西路+沙格线":[114.524739,22.480451]}
{"南西路+y269":[114.524739,22.480451]}
{"南西路+s359":[114.522549,22.476496]}
{"s359+沙格线":[114.524739,22.480451]}
{"s359+y269":[114.524739,22.480451]}
{"s359+南西路":[114.522549,22.476496]}
{"沙格线+沙岗商业街":[114.522825,22.483073]}
{"y269+沙岗商业街":[114.522825,22.483073]}
{"沙岗商业街+沙格线":[114.522825,22.483073]}
{"沙岗商业街+y269":[114.522825,22.483073]}
{"南社路+南西路":[114.523984,22.479135]}
{"南社路+s359":[114.523984,22.479135]}
{"南西路+南社路":[114.523984,22.479135]}
{"s359+南社路":[114.523984,22.479135]}
{"西贡路+南西路":[114.522058,22.475594]}
{"西贡路+s359":[114.522058,22.475594]}
{"南西路+西贡路":[114.522058,22.475594]}
{"s359+西贡路":[114.522058,22.475594]}
{"南西路+铁东线":[114.531569,22.50144]}
{"南西路+y249":[114.531569,22.50144]}
{"s359+铁东线":[114.531569,22.50144]}
{"s359+y249":[114.531569,22.50144]}
{"铁东线+南西路":[114.531569,22.50144]}
{"铁东线+s359":[114.531569,22.50144]}
{"铁东线+y249":[114.570327,22.496019]}
{"y249+南西路":[114.531569,22.50144]}
{"y249+s359":[114.531569,22.50144]}
{"y249+铁东线":[114.570327,22.496019]}
{"南西路+鹤薮路":[114.533176,22.48932]}
{"s359+鹤薮路":[114.533176,22.48932]}
{"鹤薮路+南西路":[114.533176,22.48932]}
{"鹤薮路+s359":[114.533176,22.48932]}
{"南西路+学新线":[114.53168,22.488412]}
{"南西路+y268":[114.53168,22.488412]}
{"s359+学新线":[114.53168,22.488412]}
{"s359+y268":[114.53168,22.488412]}
{"学新线+南西路":[114.53168,22.488412]}
{"学新线+s359":[114.53168,22.488412]}
{"学新线+y268":[114.534963,22.487526]}
{"y268+南西路":[114.53168,22.488412]}
{"y268+s359":[114.53168,22.488412]}
{"y268+学新线":[114.534963,22.487526]}
{"南西路+沙岗商业街":[114.526625,22.481584]}
{"s359+沙岗商业街":[114.526625,22.481584]}
{"沙岗商业街+南西路":[114.526625,22.481584]}
{"沙岗商业街+s359":[114.526625,22.481584]}
{"南西路+西涌桥":[114.522549,22.476496]}
{"s359+西涌桥":[114.522549,22.476496]}
{"西涌桥+南西路":[114.522549,22.476496]}
{"西涌桥+s359":[114.522549,22.476496]}
{"铁东线+y249旧线":[114.548382,22.501877]}
{"y249+y249旧线":[114.548382,22.501877]}
{"y249旧线+铁东线":[114.548382,22.501877]}
{"y249旧线+y249":[114.548382,22.501877]}
{"鹤芽路+学新线":[114.538787,22.491429]}
{"鹤芽路+y268":[114.538787,22.491429]}
{"鹤芽路+新海路":[114.538787,22.491429]}
{"学新线+鹤芽路":[114.538787,22.491429]}
{"学新线+新海路":[114.538787,22.491429]}
{"y268+鹤芽路":[114.538787,22.491429]}
{"y268+新海路":[114.545819,22.48609]}
{"新海路+鹤芽路":[114.538787,22.491429]}
{"新海路+学新线":[114.538787,22.491429]}
{"新海路+y268":[114.545819,22.48609]}
{"学新线+鹤薮路":[114.534963,22.487526]}
{"y268+鹤薮路":[114.534963,22.487526]}
{"鹤薮路+学新线":[114.534963,22.487526]}
{"鹤薮路+y268":[114.534963,22.487526]}
{"新海路+天文路":[114.545819,22.48609]}
{"y268+天文路":[114.545819,22.48609]}
{"天文路+新海路":[114.545819,22.48609]}
{"天文路+y268":[114.545819,22.48609]}
{"天文路+东西涌穿越径":[114.546701,22.485574]}
{"东西涌穿越径+天文路":[114.546701,22.485574]}
{"铁东线+东涌路":[114.570327,22.496019]}
{"y249+东涌路":[114.576743,22.49454]}
{"东涌路+铁东线":[114.570327,22.496019]}
{"东涌路+y249":[114.576743,22.49454]}
{"y249旧线+东涌路":[114.567838,22.496376]}
{"东涌路+y249旧线":[114.567838,22.496376]}
{"东涌路+冲街":[114.57743,22.492495]}
{"y249+冲街":[114.57743,22.492495]}
{"冲街+东涌路":[114.57743,22.492495]}
{"冲街+y249":[114.57743,22.492495]}
{"东涌路+沙岗二路":[114.576813,22.494294]}
{"y249+沙岗二路":[114.576813,22.494294]}
{"沙岗二路+东涌路":[114.576813,22.494294]}
{"沙岗二路+y249":[114.576813,22.494294]}
{"东涌路+沙岗村一路":[114.576743,22.49454]}
{"y249+沙岗村一路":[114.576743,22.49454]}
{"沙岗村一路+东涌路":[114.576743,22.49454]}
{"沙岗村一路+y249":[114.576743,22.49454]}
