{"麥理浩徑 maclehose trail+鹿赤走廊":[114.35066,22.421594]}
{"麥理浩徑 maclehose+鹿赤走廊":[114.35066,22.421594]}
{"鹿赤走廊+麥理浩徑 maclehose trail":[114.35066,22.421594]}
{"鹿赤走廊+麥理浩徑 maclehose":[114.35066,22.421594]}
{"麥理浩徑 maclehose trail+pier":[114.350844,22.422206]}
{"麥理浩徑 maclehose+pier":[114.350844,22.422206]}
{"pier+麥理浩徑 maclehose trail":[114.350844,22.422206]}
{"pier+麥理浩徑 maclehose":[114.350844,22.422206]}
{"鹿赤走廊+鹿湖郊遊徑 luk wu country trail":[114.355526,22.405893]}
{"鹿赤走廊+鹿湖郊遊徑 luk wu country":[114.355526,22.405893]}
{"鹿湖郊遊徑 luk wu country trail+鹿赤走廊":[114.355526,22.405893]}
{"鹿湖郊遊徑 luk wu country+鹿赤走廊":[114.355526,22.405893]}
{"西貢西灣路 sai kung sai wan road+大浪灣遠足徑":[114.360433,22.394771]}
{"西貢西灣路 sai kung sai wan+大浪灣遠足徑":[114.360433,22.394771]}
{"大浪灣遠足徑+西貢西灣路 sai kung sai wan road":[114.360433,22.394771]}
{"大浪灣遠足徑+西貢西灣路 sai kung sai wan":[114.360433,22.394771]}
{"西貢西灣路 sai kung sai wan road+鹿湖郊遊徑 luk wu country trail":[114.359717,22.39557]}
{"西貢西灣路 sai kung sai wan+鹿湖郊遊徑 luk wu country":[114.359717,22.39557]}
{"西貢西灣路 sai kung sai wan+鹿湖郊遊徑 luk wu country trail":[114.359717,22.39557]}
{"西貢西灣路 sai kung sai wan road+鹿湖郊遊徑 luk wu country":[114.359717,22.39557]}
{"鹿湖郊遊徑 luk wu country trail+西貢西灣路 sai kung sai wan road":[114.359717,22.39557]}
{"鹿湖郊遊徑 luk wu country+西貢西灣路 sai kung sai wan":[114.359717,22.39557]}
{"鹿湖郊遊徑 luk wu country+西貢西灣路 sai kung sai wan road":[114.359717,22.39557]}
{"鹿湖郊遊徑 luk wu country trail+西貢西灣路 sai kung sai wan":[114.359717,22.39557]}
{"大浪灣遠足徑+maclehose trail":[114.365613,22.39103]}
{"大浪灣遠足徑+maclehose":[114.365613,22.39103]}
{"maclehose trail+大浪灣遠足徑":[114.365613,22.39103]}
{"maclehose+大浪灣遠足徑":[114.365613,22.39103]}
