{"石仔埗街 shek tsai po street+大澳街市街 tai o market street":[113.861154,22.254615]}
{"石仔埗街 shek tsai po+大澳街市街 tai o market":[113.861154,22.254615]}
{"石仔埗街 shek tsai po+大澳街市街 tai o market street":[113.861154,22.254615]}
{"石仔埗街 shek tsai po street+大澳街市街 tai o market":[113.861154,22.254615]}
{"大澳街市街 tai o market street+石仔埗街 shek tsai po street":[113.861154,22.254615]}
{"大澳街市街 tai o market+石仔埗街 shek tsai po":[113.861154,22.254615]}
{"大澳街市街 tai o market+石仔埗街 shek tsai po street":[113.861154,22.254615]}
{"大澳街市街 tai o market street+石仔埗街 shek tsai po":[113.861154,22.254615]}
{"大澳街市街 tai o market street+吉慶後街 kat hing back street":[113.862149,22.254621]}
{"大澳街市街 tai o market+吉慶後街 kat hing back":[113.862149,22.254621]}
{"大澳街市街 tai o market+吉慶後街 kat hing back street":[113.862149,22.254621]}
{"大澳街市街 tai o market street+吉慶後街 kat hing back":[113.862149,22.254621]}
{"吉慶後街 kat hing back street+大澳街市街 tai o market street":[113.862149,22.254621]}
{"吉慶後街 kat hing back+大澳街市街 tai o market":[113.862149,22.254621]}
{"吉慶後街 kat hing back+大澳街市街 tai o market street":[113.862149,22.254621]}
{"吉慶後街 kat hing back street+大澳街市街 tai o market":[113.862149,22.254621]}
{"大澳街市街 tai o market street+大澳涌行人橋":[113.862203,22.254063]}
{"大澳街市街 tai o market+大澳涌行人橋":[113.862203,22.254063]}
{"大澳涌行人橋+大澳街市街 tai o market street":[113.862203,22.254063]}
{"大澳涌行人橋+大澳街市街 tai o market":[113.862203,22.254063]}
{"大澳涌行人橋+大澳永安街 tai o wing on street":[113.862246,22.253821]}
{"大澳涌行人橋+大澳永安街 tai o wing on":[113.862246,22.253821]}
{"大澳永安街 tai o wing on street+大澳涌行人橋":[113.862246,22.253821]}
{"大澳永安街 tai o wing on+大澳涌行人橋":[113.862246,22.253821]}
{"新基街 sun ki street+東澳古道 tung-o ancient trail":[113.863896,22.25851]}
{"新基街 sun ki+東澳古道 tung-o ancient":[113.863896,22.25851]}
{"新基街 sun ki+東澳古道 tung-o ancient trail":[113.863896,22.25851]}
{"新基街 sun ki street+東澳古道 tung-o ancient":[113.863896,22.25851]}
{"東澳古道 tung-o ancient trail+新基街 sun ki street":[113.863896,22.25851]}
{"東澳古道 tung-o ancient+新基街 sun ki":[113.863896,22.25851]}
{"東澳古道 tung-o ancient+新基街 sun ki street":[113.863896,22.25851]}
{"東澳古道 tung-o ancient trail+新基街 sun ki":[113.863896,22.25851]}
{"吉慶街 kat hing street+新基橋 sun ki bridge":[113.863781,22.255488]}
{"吉慶街 kat hing+新基橋 sun ki":[113.863781,22.255488]}
{"吉慶街 kat hing+新基橋 sun ki bridge":[113.863781,22.255488]}
{"吉慶街 kat hing street+新基橋 sun ki":[113.863781,22.255488]}
{"新基橋 sun ki bridge+吉慶街 kat hing street":[113.863781,22.255488]}
{"新基橋 sun ki+吉慶街 kat hing":[113.863781,22.255488]}
{"新基橋 sun ki+吉慶街 kat hing street":[113.863781,22.255488]}
{"新基橋 sun ki bridge+吉慶街 kat hing":[113.863781,22.255488]}
{"大澳太平街 tai o tai ping street+大澳永安街 tai o wing on street":[113.864043,22.253475]}
{"大澳太平街 tai o tai ping+大澳永安街 tai o wing on":[113.864043,22.253475]}
{"大澳太平街 tai o tai ping+大澳永安街 tai o wing on street":[113.864043,22.253475]}
{"大澳太平街 tai o tai ping street+大澳永安街 tai o wing on":[113.864043,22.253475]}
{"大澳永安街 tai o wing on street+大澳太平街 tai o tai ping street":[113.864043,22.253475]}
{"大澳永安街 tai o wing on+大澳太平街 tai o tai ping":[113.864043,22.253475]}
{"大澳永安街 tai o wing on+大澳太平街 tai o tai ping street":[113.864043,22.253475]}
{"大澳永安街 tai o wing on street+大澳太平街 tai o tai ping":[113.864043,22.253475]}
{"龍田街 lung tin street+龍盛街 lung shing street":[113.866216,22.252684]}
{"龍田街 lung tin+龍盛街 lung shing":[113.866216,22.252684]}
{"龍田街 lung tin+龍盛街 lung shing street":[113.866216,22.252684]}
{"龍田街 lung tin street+龍盛街 lung shing":[113.866216,22.252684]}
{"龍盛街 lung shing street+龍田街 lung tin street":[113.866216,22.252684]}
{"龍盛街 lung shing+龍田街 lung tin":[113.866216,22.252684]}
{"龍盛街 lung shing+龍田街 lung tin street":[113.866216,22.252684]}
{"龍盛街 lung shing street+龍田街 lung tin":[113.866216,22.252684]}
{"龍田街 lung tin street+大澳道 tai o road":[113.86614,22.252255]}
{"龍田街 lung tin+大澳道 tai o":[113.86614,22.252255]}
{"龍田街 lung tin+大澳道 tai o road":[113.86614,22.252255]}
{"龍田街 lung tin street+大澳道 tai o":[113.86614,22.252255]}
{"大澳道 tai o road+龍田街 lung tin street":[113.86614,22.252255]}
{"大澳道 tai o+龍田街 lung tin":[113.86614,22.252255]}
{"大澳道 tai o+龍田街 lung tin street":[113.86614,22.252255]}
{"大澳道 tai o road+龍田街 lung tin":[113.86614,22.252255]}
{"東澳古道 tung-o ancient trail+深屈道 sham wat road":[113.887161,22.268314]}
{"東澳古道 tung-o ancient+深屈道 sham wat":[113.887161,22.268314]}
{"東澳古道 tung-o ancient+深屈道 sham wat road":[113.887161,22.268314]}
{"東澳古道 tung-o ancient trail+深屈道 sham wat":[113.887161,22.268314]}
{"深屈道 sham wat road+東澳古道 tung-o ancient trail":[113.887161,22.268314]}
{"深屈道 sham wat+東澳古道 tung-o ancient":[113.887161,22.268314]}
{"深屈道 sham wat+東澳古道 tung-o ancient trail":[113.887161,22.268314]}
{"深屈道 sham wat road+東澳古道 tung-o ancient":[113.887161,22.268314]}
{"大澳道 tai o road+慈航路":[113.882404,22.242317]}
{"大澳道 tai o+慈航路":[113.882404,22.242317]}
{"慈航路+大澳道 tai o road":[113.882404,22.242317]}
{"慈航路+大澳道 tai o":[113.882404,22.242317]}
{"大澳道 tai o road+深屈道 sham wat road":[113.891749,22.244711]}
{"大澳道 tai o+深屈道 sham wat":[113.891749,22.244711]}
{"大澳道 tai o+深屈道 sham wat road":[113.891749,22.244711]}
{"大澳道 tai o road+深屈道 sham wat":[113.891749,22.244711]}
{"深屈道 sham wat road+大澳道 tai o road":[113.891749,22.244711]}
{"深屈道 sham wat+大澳道 tai o":[113.891749,22.244711]}
{"深屈道 sham wat+大澳道 tai o road":[113.891749,22.244711]}
{"深屈道 sham wat road+大澳道 tai o":[113.891749,22.244711]}
{"慈航路+普渡橋":[113.882952,22.241521]}
{"普渡橋+慈航路":[113.882952,22.241521]}
{"深屈道 sham wat road+昂平路 ngong ping road":[113.892449,22.249749]}
{"深屈道 sham wat+昂平路 ngong ping":[113.892449,22.249749]}
{"深屈道 sham wat+昂平路 ngong ping road":[113.892449,22.249749]}
{"深屈道 sham wat road+昂平路 ngong ping":[113.892449,22.249749]}
{"昂平路 ngong ping road+深屈道 sham wat road":[113.892449,22.249749]}
{"昂平路 ngong ping+深屈道 sham wat":[113.892449,22.249749]}
{"昂平路 ngong ping+深屈道 sham wat road":[113.892449,22.249749]}
{"昂平路 ngong ping road+深屈道 sham wat":[113.892449,22.249749]}
{"昂坪360救援徑 ngong ping 360 rescue trail+彌勒山郊遊徑 nei lak shan country trail":[113.905907,22.261587]}
{"昂坪360救援徑 ngong ping 360 rescue+彌勒山郊遊徑 nei lak shan country":[113.905907,22.261587]}
{"昂坪360救援徑 ngong ping 360 rescue+彌勒山郊遊徑 nei lak shan country trail":[113.905907,22.261587]}
{"昂坪360救援徑 ngong ping 360 rescue trail+彌勒山郊遊徑 nei lak shan country":[113.905907,22.261587]}
{"彌勒山郊遊徑 nei lak shan country trail+昂坪360救援徑 ngong ping 360 rescue trail":[113.905907,22.261587]}
{"彌勒山郊遊徑 nei lak shan country+昂坪360救援徑 ngong ping 360 rescue":[113.905907,22.261587]}
{"彌勒山郊遊徑 nei lak shan country+昂坪360救援徑 ngong ping 360 rescue trail":[113.905907,22.261587]}
{"彌勒山郊遊徑 nei lak shan country trail+昂坪360救援徑 ngong ping 360 rescue":[113.905907,22.261587]}
{"昂平路 ngong ping road+寶昂路 po ngong road":[113.90266,22.255014]}
{"昂平路 ngong ping+寶昂路 po ngong":[113.90266,22.255014]}
{"昂平路 ngong ping+寶昂路 po ngong road":[113.90266,22.255014]}
{"昂平路 ngong ping road+寶昂路 po ngong":[113.90266,22.255014]}
{"寶昂路 po ngong road+昂平路 ngong ping road":[113.90266,22.255014]}
{"寶昂路 po ngong+昂平路 ngong ping":[113.90266,22.255014]}
{"寶昂路 po ngong+昂平路 ngong ping road":[113.90266,22.255014]}
{"寶昂路 po ngong road+昂平路 ngong ping":[113.90266,22.255014]}
{"寶昂路 po ngong drive+寶昂路 po ngong road":[113.902244,22.255782]}
{"寶昂路 po ngong+寶昂路 po ngong":[113.902244,22.255782]}
{"寶昂路 po ngong+寶昂路 po ngong road":[113.902244,22.255782]}
{"寶昂路 po ngong drive+寶昂路 po ngong":[113.902244,22.255782]}
{"寶昂路 po ngong road+寶昂路 po ngong drive":[113.902244,22.255782]}
{"寶昂路 po ngong+寶昂路 po ngong drive":[113.902244,22.255782]}
{"寶昂路 po ngong road+寶昂路 po ngong":[113.902244,22.255782]}
{"大澳道 tai o road+羗山道 keung shan road":[113.892306,22.243678]}
{"大澳道 tai o+羗山道 keung shan":[113.892306,22.243678]}
{"大澳道 tai o+羗山道 keung shan road":[113.892306,22.243678]}
{"大澳道 tai o road+羗山道 keung shan":[113.892306,22.243678]}
{"羗山道 keung shan road+大澳道 tai o road":[113.892306,22.243678]}
{"羗山道 keung shan+大澳道 tai o":[113.892306,22.243678]}
{"羗山道 keung shan+大澳道 tai o road":[113.892306,22.243678]}
{"羗山道 keung shan road+大澳道 tai o":[113.892306,22.243678]}
{"羗山道 keung shan road+宏貝道 wang pui road":[113.890852,22.228344]}
{"羗山道 keung shan+宏貝道 wang pui":[113.890852,22.228344]}
