{"港珠澳大桥西人工岛+京港澳高速 珠三角环线高速":[113.782093,22.28309]}
{"港珠澳大桥西人工岛+g4":[113.782093,22.28309]}
{"港珠澳大桥西人工岛+g94":[113.782093,22.28309]}
{"京港澳高速 珠三角环线高速+港珠澳大桥西人工岛":[113.782093,22.28309]}
{"京港澳高速 珠三角环线高速+g4":[113.783369,22.283075]}
{"京港澳高速 珠三角环线高速+g94":[113.783369,22.283075]}
{"g4+港珠澳大桥西人工岛":[113.782093,22.28309]}
{"g4+京港澳高速 珠三角环线高速":[113.783369,22.283075]}
{"g4+g94":[113.783369,22.283075]}
{"g94+港珠澳大桥西人工岛":[113.782093,22.28309]}
{"g94+京港澳高速 珠三角环线高速":[113.783369,22.283075]}
{"g94+g4":[113.783369,22.283075]}
{"京港澳高速 珠三角环线高速+港珠澳大橋海底隧道":[113.783369,22.283075]}
{"g4+港珠澳大橋海底隧道":[113.783369,22.283075]}
{"g94+港珠澳大橋海底隧道":[113.783369,22.283075]}
{"港珠澳大橋海底隧道+京港澳高速 珠三角环线高速":[113.783369,22.283075]}
{"港珠澳大橋海底隧道+g4":[113.783369,22.283075]}
{"港珠澳大橋海底隧道+g94":[113.783369,22.283075]}
{"京港澳高速 珠三角环线高速+港珠澳大桥主桥":[113.781254,22.283041]}
{"g4+港珠澳大桥主桥":[113.781254,22.283041]}
{"g94+港珠澳大桥主桥":[113.781254,22.283041]}
{"港珠澳大桥主桥+京港澳高速 珠三角环线高速":[113.781254,22.283041]}
{"港珠澳大桥主桥+g4":[113.781254,22.283041]}
{"港珠澳大桥主桥+g94":[113.781254,22.283041]}
