{"前湾四路+临海大道":[113.889042,22.511185]}
{"临海大道+前湾四路":[113.889042,22.511185]}
{"前湾四路+月亮湾大道":[113.891734,22.509226]}
{"月亮湾大道+前湾四路":[113.891734,22.509226]}
{"月亮湾大道+港城路":[113.889597,22.505543]}
{"港城路+月亮湾大道":[113.889597,22.505543]}
{"月亮湾大道+兴海大道":[113.884943,22.500178]}
{"兴海大道+月亮湾大道":[113.884943,22.500178]}
{"妈湾大道+临海大道":[113.868229,22.500636]}
{"临海大道+妈湾大道":[113.868229,22.500636]}
{"妈湾大道+妈湾大道高架":[113.868329,22.500099]}
{"妈湾大道高架+妈湾大道":[113.868329,22.500099]}
{"妈湾大道高架+月亮湾大道高架":[113.870889,22.491033]}
{"月亮湾大道高架+妈湾大道高架":[113.870889,22.491033]}
{"兴海大道辅路+兴海大道":[113.879872,22.508667]}
{"兴海大道+兴海大道辅路":[113.879872,22.508667]}
{"兴海大道辅路+梦海大道":[113.878765,22.508933]}
{"梦海大道+兴海大道辅路":[113.878765,22.508933]}
{"临海大道+兴海大道":[113.882195,22.504966]}
{"兴海大道+临海大道":[113.882195,22.504966]}
{"梦海大道+港城路":[113.882838,22.511598]}
{"港城路+梦海大道":[113.882838,22.511598]}
{"梦海大道+兴海大道":[113.879513,22.509245]}
{"兴海大道+梦海大道":[113.879513,22.509245]}
{"港城路+临海大道":[113.886216,22.508494]}
{"临海大道+港城路":[113.886216,22.508494]}
{"兴海大道+y037":[113.899058,22.480696]}
{"兴海大道+前海路":[113.886036,22.497543]}
{"y037+兴海大道":[113.899058,22.480696]}
{"y037+前海路":[113.894035,22.507774]}
{"前海路+兴海大道":[113.886036,22.497543]}
{"前海路+y037":[113.894035,22.507774]}
{"兴海大道高架+月亮湾大道高架":[113.882364,22.50416]}
{"月亮湾大道高架+兴海大道高架":[113.882364,22.50416]}
{"兴海大道高架+小南山隧道连接线":[113.887573,22.495132]}
{"小南山隧道连接线+兴海大道高架":[113.887573,22.495132]}
{"月亮湾大道+妈湾大道":[113.869233,22.49535]}
{"妈湾大道+月亮湾大道":[113.869233,22.49535]}
{"妈湾大道+右炮台路":[113.874627,22.475735]}
{"妈湾大道+y037":[113.874627,22.475735]}
{"右炮台路+妈湾大道":[113.874627,22.475735]}
{"右炮台路+y037":[113.877126,22.470497]}
{"y037+妈湾大道":[113.874627,22.475735]}
{"y037+右炮台路":[113.877126,22.470497]}
{"赤湾九路+赤湾二路":[113.88068,22.480933]}
{"赤湾九路+y037":[113.88068,22.480933]}
{"赤湾二路+赤湾九路":[113.88068,22.480933]}
{"赤湾二路+y037":[113.884369,22.479262]}
{"y037+赤湾九路":[113.88068,22.480933]}
{"y037+赤湾二路":[113.884369,22.479262]}
{"赤湾九路+赤湾四路":[113.881288,22.482167]}
{"赤湾四路+赤湾九路":[113.881288,22.482167]}
{"赤湾九路+少帝路":[113.881438,22.483354]}
{"少帝路+赤湾九路":[113.881438,22.483354]}
{"少帝路+赤湾四路":[113.878054,22.480986]}
{"赤湾四路+少帝路":[113.878054,22.480986]}
{"少帝路+欣月路":[113.886741,22.491304]}
{"欣月路+少帝路":[113.886741,22.491304]}
{"赤湾七路+赤湾四路":[113.883433,22.481491]}
{"赤湾四路+赤湾七路":[113.883433,22.481491]}
{"右炮台路+赤湾四路":[113.877116,22.480707]}
{"右炮台路+赤湾二路":[113.877116,22.480707]}
{"y037+赤湾四路":[113.88513,22.48072]}
{"赤湾四路+右炮台路":[113.877116,22.480707]}
{"赤湾四路+y037":[113.88513,22.48072]}
{"赤湾四路+赤湾二路":[113.877116,22.480707]}
{"赤湾二路+右炮台路":[113.877116,22.480707]}
{"赤湾二路+赤湾四路":[113.877116,22.480707]}
{"右炮台路+妈湾大道高架":[113.877126,22.470497]}
{"y037+妈湾大道高架":[113.877126,22.470497]}
{"妈湾大道高架+右炮台路":[113.877126,22.470497]}
{"妈湾大道高架+y037":[113.877126,22.470497]}
{"赤湾二路+赤湾七路":[113.882622,22.480065]}
{"y037+赤湾七路":[113.882622,22.480065]}
{"赤湾七路+赤湾二路":[113.882622,22.480065]}
{"赤湾七路+y037":[113.882622,22.480065]}
{"赤湾二路+赤湾五路":[113.884369,22.479262]}
{"y037+赤湾五路":[113.88513,22.48072]}
{"赤湾五路+赤湾二路":[113.884369,22.479262]}
{"赤湾五路+y037":[113.88513,22.48072]}
{"港城路+前海路":[113.891848,22.504167]}
{"港城路+y037":[113.891848,22.504167]}
{"前海路+港城路":[113.891848,22.504167]}
{"y037+港城路":[113.891848,22.504167]}
{"铲湾路+前海路":[113.894035,22.507774]}
{"铲湾路+y037":[113.894035,22.507774]}
{"前海路+铲湾路":[113.894035,22.507774]}
{"y037+铲湾路":[113.894035,22.507774]}
{"沿山路+兴海大道":[113.88753,22.495064]}
{"沿山路+y037":[113.88753,22.495064]}
{"兴海大道+沿山路":[113.88753,22.495064]}
{"y037+沿山路":[113.88753,22.495064]}
{"兴海大道+欣月路":[113.888304,22.490562]}
{"y037+欣月路":[113.888304,22.490562]}
{"欣月路+兴海大道":[113.888304,22.490562]}
{"欣月路+y037":[113.888304,22.490562]}
{"沿山路+沿湖路":[113.902466,22.511992]}
{"沿湖路+沿山路":[113.902466,22.511992]}
{"小南山隧道连接线+小南山隧道":[113.888659,22.489905]}
{"小南山隧道+小南山隧道连接线":[113.888659,22.489905]}
{"赤湾六路+y037":[113.893044,22.481121]}
{"赤湾六路+赤湾五路":[113.886035,22.4825]}
{"y037+赤湾六路":[113.893044,22.481121]}
{"赤湾五路+赤湾六路":[113.886035,22.4825]}
{"小南山隧道+小南山隧道路":[113.888115,22.484068]}
{"小南山隧道路+小南山隧道":[113.888115,22.484068]}
{"小南山隧道路+赤湾六路":[113.887029,22.482046]}
{"小南山隧道路+y037":[113.887029,22.482046]}
{"赤湾六路+小南山隧道路":[113.887029,22.482046]}
{"y037+小南山隧道路":[113.887029,22.482046]}
{"兴海大道+赤湾六路":[113.899058,22.480696]}
{"赤湾六路+兴海大道":[113.899058,22.480696]}
{"兴海大道+松湖路":[113.899058,22.480696]}
{"赤湾六路+松湖路":[113.899058,22.480696]}
{"y037+松湖路":[113.899058,22.480696]}
{"松湖路+兴海大道":[113.899058,22.480696]}
{"松湖路+赤湾六路":[113.899058,22.480696]}
{"松湖路+y037":[113.899058,22.480696]}
{"赤湾四路+赤湾五路":[113.88513,22.48072]}
{"赤湾五路+赤湾四路":[113.88513,22.48072]}
{"赤湾六路+赤湾一路":[113.891093,22.481066]}
{"y037+赤湾一路":[113.891093,22.481066]}
{"赤湾一路+赤湾六路":[113.891093,22.481066]}
{"赤湾一路+y037":[113.891093,22.481066]}
{"赤湾六路+赤湾三路":[113.888448,22.481397]}
{"y037+赤湾三路":[113.888448,22.481397]}
{"赤湾三路+赤湾六路":[113.888448,22.481397]}
{"赤湾三路+y037":[113.888448,22.481397]}
{"赤湾三路+赤湾二路":[113.886766,22.478164]}
{"赤湾二路+赤湾三路":[113.886766,22.478164]}
{"赤湾二路+赤湾一路":[113.889631,22.476869]}
{"赤湾一路+赤湾二路":[113.889631,22.476869]}
{"赤湾二路+左炮台路":[113.890956,22.476309]}
{"左炮台路+赤湾二路":[113.890956,22.476309]}
{"赤湾一路+赤顺路":[113.888138,22.474433]}
{"赤顺路+赤湾一路":[113.888138,22.474433]}
{"左炮台路+赤顺路":[113.888941,22.474097]}
{"赤顺路+左炮台路":[113.888941,22.474097]}
{"左炮台路+赤湾路":[113.887622,22.472315]}
{"赤湾路+左炮台路":[113.887622,22.472315]}
{"左炮台路+赤湾六路":[113.893044,22.481121]}
{"左炮台路+y037":[113.893044,22.481121]}
{"赤湾六路+左炮台路":[113.893044,22.481121]}
{"y037+左炮台路":[113.893044,22.481121]}
{"兴海大道高架+兴海大道":[113.898688,22.475096]}
{"兴海大道+兴海大道高架":[113.898688,22.475096]}
{"兴海大道+赤湾路":[113.89679,22.471578]}
{"赤湾路+兴海大道":[113.89679,22.471578]}
{"兴海大道+南康路":[113.897947,22.472357]}
{"南康路+兴海大道":[113.897947,22.472357]}
{"港湾大道+南康路":[113.898043,22.4723]}
{"南康路+港湾大道":[113.898043,22.4723]}
{"港湾大道+沁海路":[113.902258,22.476357]}
{"沁海路+港湾大道":[113.902258,22.476357]}
{"港湾大道+松湖路":[113.902947,22.476858]}
{"松湖路+港湾大道":[113.902947,22.476858]}
{"松湖二路+松湖路":[113.899487,22.480998]}
{"松湖路+松湖二路":[113.899487,22.480998]}
{"港湾大道+邮轮大道":[113.903608,22.477298]}
{"邮轮大道+港湾大道":[113.903608,22.477298]}
{"港湾大道+太子湾大道":[113.905762,22.478891]}
{"太子湾大道+港湾大道":[113.905762,22.478891]}
{"海湾路+碧海路":[113.892243,22.470531]}
{"碧海路+海湾路":[113.892243,22.470531]}
{"碧海路+兴海大道":[113.892582,22.468914]}
{"兴海大道+碧海路":[113.892582,22.468914]}
