{"东海道+洪安街":[114.258272,22.590158]}
{"洪安街+东海道":[114.258272,22.590158]}
{"东海道+洪安三街":[114.260269,22.589363]}
{"洪安三街+东海道":[114.260269,22.589363]}
{"东海道+东海四街 donghai 4th street":[114.262187,22.588552]}
{"东海道+东海四街 donghai 4th":[114.262187,22.588552]}
{"东海道+东海四街":[114.262187,22.588552]}
{"东海四街 donghai 4th street+东海道":[114.262187,22.588552]}
{"东海四街 donghai 4th+东海道":[114.262187,22.588552]}
{"东海四街 donghai 4th street+东海四街":[114.262187,22.588552]}
{"东海四街 donghai 4th+东海四街":[114.262187,22.588552]}
{"东海四街+东海道":[114.262187,22.588552]}
{"东海四街+东海四街 donghai 4th street":[114.262187,22.588552]}
{"东海四街+东海四街 donghai 4th":[114.262187,22.588552]}
{"东海道+深盐路":[114.264763,22.587462]}
{"东海道+s360":[114.264763,22.587462]}
{"深盐路+东海道":[114.264763,22.587462]}
{"深盐路+s360":[114.267231,22.589814]}
{"s360+东海道":[114.264763,22.587462]}
{"s360+深盐路":[114.267231,22.589814]}
{"东海道+进港三路":[114.266828,22.586449]}
{"进港三路+东海道":[114.266828,22.586449]}
{"北山道+x251":[114.273953,22.588305]}
{"北山道+洪安街":[114.259956,22.593363]}
{"x251+北山道":[114.273953,22.588305]}
{"x251+洪安街":[114.259956,22.593363]}
{"洪安街+北山道":[114.259956,22.593363]}
{"洪安街+x251":[114.259956,22.593363]}
{"北山道+洪安三街":[114.262302,22.592712]}
{"x251+洪安三街":[114.262302,22.592712]}
{"洪安三街+北山道":[114.262302,22.592712]}
{"洪安三街+x251":[114.262302,22.592712]}
{"北山道+深盐路":[114.26714,22.590563]}
{"北山道+s360":[114.270035,22.590333]}
{"北山道+盐港大道":[114.270034,22.590257]}
{"x251+深盐路":[114.26714,22.590563]}
{"x251+s360":[114.270035,22.590333]}
{"x251+盐港大道":[114.270034,22.590257]}
{"深盐路+北山道":[114.26714,22.590563]}
{"深盐路+x251":[114.26714,22.590563]}
{"深盐路+盐港大道":[114.267231,22.589814]}
{"s360+北山道":[114.270035,22.590333]}
{"s360+x251":[114.270035,22.590333]}
{"s360+盐港大道":[114.270034,22.590257]}
{"盐港大道+北山道":[114.270034,22.590257]}
{"盐港大道+x251":[114.270034,22.590257]}
{"盐港大道+深盐路":[114.267231,22.589814]}
{"盐港大道+s360":[114.270034,22.590257]}
{"北山道+北山道辅路":[114.265187,22.591912]}
{"x251+北山道辅路":[114.265187,22.591912]}
{"北山道辅路+北山道":[114.265187,22.591912]}
{"北山道辅路+x251":[114.265187,22.591912]}
{"北山道辅路+洪安三街":[114.26237,22.592863]}
{"洪安三街+北山道辅路":[114.26237,22.592863]}
{"北山道辅路+北山工业路":[114.260422,22.593358]}
{"北山工业路+北山道辅路":[114.260422,22.593358]}
{"北山道辅路+洪安街":[114.260003,22.593465]}
{"洪安街+北山道辅路":[114.260003,22.593465]}
{"大梅沙隧道+s30":[114.284656,22.59061]}
{"大梅沙隧道+惠深沿海高速":[114.284656,22.59061]}
{"s30+大梅沙隧道":[114.284656,22.59061]}
{"s30+惠深沿海高速":[114.281262,22.590033]}
{"惠深沿海高速+大梅沙隧道":[114.284656,22.59061]}
{"惠深沿海高速+s30":[114.281262,22.590033]}
{"环梅路+盐梅路":[114.300518,22.593475]}
{"环梅路+s360":[114.300518,22.593475]}
{"盐梅路+环梅路":[114.300518,22.593475]}
{"盐梅路+s360":[114.275338,22.589793]}
{"s360+环梅路":[114.300518,22.593475]}
{"s360+盐梅路":[114.275338,22.589793]}
{"明珠大道+明珠大道辅路":[114.259748,22.585728]}
{"明珠大道辅路+明珠大道":[114.259748,22.585728]}
{"明珠大道+洪安三街":[114.258147,22.586396]}
{"洪安三街+明珠大道":[114.258147,22.586396]}
{"明珠大道辅路+深盐路":[114.262098,22.58476]}
{"明珠大道辅路+s360":[114.262098,22.58476]}
{"深盐路+明珠大道辅路":[114.262098,22.58476]}
{"s360+明珠大道辅路":[114.262098,22.58476]}
{"深盐路+明珠立交":[114.263308,22.586292]}
{"s360+明珠立交":[114.263308,22.586292]}
{"明珠立交+深盐路":[114.263308,22.586292]}
{"明珠立交+s360":[114.263308,22.586292]}
{"深盐路+盐田港桥":[114.266555,22.589424]}
{"s360+盐田港桥":[114.266555,22.589424]}
{"盐田港桥+深盐路":[114.266555,22.589424]}
{"盐田港桥+s360":[114.266555,22.589424]}
{"盐港大道+盐梅路":[114.270034,22.590257]}
{"x251+盐梅路":[114.270035,22.590333]}
{"盐梅路+盐港大道":[114.270034,22.590257]}
{"盐梅路+x251":[114.270035,22.590333]}
{"盐梅路+北山道":[114.270035,22.590333]}
{"北山道+盐梅路":[114.270035,22.590333]}
{"进港三路+二十二米大道":[114.264535,22.582448]}
{"二十二米大道+进港三路":[114.264535,22.582448]}
{"进港三路+明珠大道":[114.265703,22.582862]}
{"明珠大道+进港三路":[114.265703,22.582862]}
{"惠深沿海高速+盐坝老桥":[114.273519,22.59123]}
{"s30+盐坝老桥":[114.273519,22.59123]}
{"盐坝老桥+惠深沿海高速":[114.273519,22.59123]}
{"盐坝老桥+s30":[114.273519,22.59123]}
{"盐港大道+海边街":[114.269275,22.590457]}
{"s360+海边街":[114.269275,22.590457]}
{"x251+海边街":[114.269275,22.590457]}
{"海边街+盐港大道":[114.269275,22.590457]}
{"海边街+s360":[114.269275,22.590457]}
{"海边街+x251":[114.269275,22.590457]}
{"北山道+海傍街":[114.273054,22.589042]}
{"x251+海傍街":[114.273054,22.589042]}
{"海傍街+北山道":[114.273054,22.589042]}
{"海傍街+x251":[114.273054,22.589042]}
{"北山道+海鲜街":[114.273953,22.588305]}
{"x251+海鲜街":[114.273953,22.588305]}
{"海鲜街+北山道":[114.273953,22.588305]}
{"海鲜街+x251":[114.273953,22.588305]}
{"海边街+海鲜街":[114.271377,22.585584]}
{"海鲜街+海边街":[114.271377,22.585584]}
{"盐梅路+盐三路":[114.280615,22.5893]}
{"盐梅路+x879":[114.280615,22.5893]}
{"s360+盐三路":[114.280615,22.5893]}
{"s360+x879":[114.280615,22.5893]}
{"盐三路+盐梅路":[114.280615,22.5893]}
{"盐三路+s360":[114.280615,22.5893]}
{"盐三路+x879":[114.280615,22.5893]}
{"x879+盐梅路":[114.280615,22.5893]}
{"x879+s360":[114.280615,22.5893]}
{"x879+盐三路":[114.280615,22.5893]}
{"盐梅路+海鲜街":[114.275338,22.589793]}
{"s360+海鲜街":[114.275338,22.589793]}
{"海鲜街+盐梅路":[114.275338,22.589793]}
{"海鲜街+s360":[114.275338,22.589793]}
{"惠深沿海高速+三洲田大桥":[114.281262,22.590033]}
{"s30+三洲田大桥":[114.281262,22.590033]}
{"三洲田大桥+惠深沿海高速":[114.281262,22.590033]}
{"三洲田大桥+s30":[114.281262,22.590033]}
{"犁三古道 lai sam accient trail+苗三古道 miu sam accient trail":[114.271587,22.516254]}
{"犁三古道 lai sam accient+苗三古道 miu sam accient":[114.271587,22.516254]}
{"犁三古道 lai sam accient+苗三古道 miu sam accient trail":[114.271587,22.516254]}
{"犁三古道 lai sam accient trail+苗三古道 miu sam accient":[114.271587,22.516254]}
{"苗三古道 miu sam accient trail+犁三古道 lai sam accient trail":[114.271587,22.516254]}
{"苗三古道 miu sam accient+犁三古道 lai sam accient":[114.271587,22.516254]}
{"苗三古道 miu sam accient+犁三古道 lai sam accient trail":[114.271587,22.516254]}
{"苗三古道 miu sam accient trail+犁三古道 lai sam accient":[114.271587,22.516254]}
{"高地頂徑 ko tei teng trail+吉澳大街 kat o main street":[114.29006,22.550859]}
{"高地頂徑 ko tei teng+吉澳大街 kat o main":[114.29006,22.550859]}
{"高地頂徑 ko tei teng+吉澳大街 kat o main street":[114.29006,22.550859]}
{"高地頂徑 ko tei teng trail+吉澳大街 kat o main":[114.29006,22.550859]}
{"吉澳大街 kat o main street+高地頂徑 ko tei teng trail":[114.29006,22.550859]}
{"吉澳大街 kat o main+高地頂徑 ko tei teng":[114.29006,22.550859]}
{"吉澳大街 kat o main+高地頂徑 ko tei teng trail":[114.29006,22.550859]}
{"吉澳大街 kat o main street+高地頂徑 ko tei teng":[114.29006,22.550859]}
{"吉澳大街 kat o main street+吉圍徑 kat wai path":[114.291388,22.548026]}
{"吉澳大街 kat o main+吉圍徑 kat wai":[114.291388,22.548026]}
{"吉澳大街 kat o main+吉圍徑 kat wai path":[114.291388,22.548026]}
{"吉澳大街 kat o main street+吉圍徑 kat wai":[114.291388,22.548026]}
{"吉圍徑 kat wai path+吉澳大街 kat o main street":[114.291388,22.548026]}
{"吉圍徑 kat wai+吉澳大街 kat o main":[114.291388,22.548026]}
{"吉圍徑 kat wai+吉澳大街 kat o main street":[114.291388,22.548026]}
{"吉圍徑 kat wai path+吉澳大街 kat o main":[114.291388,22.548026]}
{"吉圍徑 kat wai path+澳背塘徑 o pui tong path":[114.291641,22.546965]}
{"吉圍徑 kat wai+澳背塘徑 o pui tong":[114.291641,22.546965]}
{"吉圍徑 kat wai+澳背塘徑 o pui tong path":[114.291641,22.546965]}
{"吉圍徑 kat wai path+澳背塘徑 o pui tong":[114.291641,22.546965]}
{"澳背塘徑 o pui tong path+吉圍徑 kat wai path":[114.291641,22.546965]}
{"澳背塘徑 o pui tong+吉圍徑 kat wai":[114.291641,22.546965]}
{"澳背塘徑 o pui tong+吉圍徑 kat wai path":[114.291641,22.546965]}
{"澳背塘徑 o pui tong path+吉圍徑 kat wai":[114.291641,22.546965]}
