{"港珠澳大橋海底隧道+g4":[113.843369,22.282261]}
{"港珠澳大橋海底隧道+g94":[113.843369,22.282261]}
{"港珠澳大橋海底隧道+京港澳高速 珠三角环线高速":[113.843369,22.282261]}
{"g4+港珠澳大橋海底隧道":[113.843369,22.282261]}
{"g4+g94":[113.850103,22.280639]}
{"g4+京港澳高速 珠三角环线高速":[113.845777,22.281804]}
{"g94+港珠澳大橋海底隧道":[113.843369,22.282261]}
{"g94+g4":[113.850103,22.280639]}
{"g94+京港澳高速 珠三角环线高速":[113.845777,22.281804]}
{"京港澳高速 珠三角环线高速+港珠澳大橋海底隧道":[113.843369,22.282261]}
{"京港澳高速 珠三角环线高速+g4":[113.845777,22.281804]}
{"京港澳高速 珠三角环线高速+g94":[113.845777,22.281804]}
{"京港澳高速 珠三角环线高速+港珠澳大桥":[113.845777,22.281804]}
{"g4+港珠澳大桥":[113.850103,22.280639]}
{"g94+港珠澳大桥":[113.850103,22.280639]}
{"港珠澳大桥+京港澳高速 珠三角环线高速":[113.845777,22.281804]}
{"港珠澳大桥+g4":[113.850103,22.280639]}
{"港珠澳大桥+g94":[113.850103,22.280639]}
{"京港澳高速 珠三角环线高速+港珠澳大桥东人工岛":[113.844527,22.282038]}
{"g4+港珠澳大桥东人工岛":[113.847211,22.281467]}
{"g94+港珠澳大桥东人工岛":[113.847211,22.281467]}
{"港珠澳大桥东人工岛+京港澳高速 珠三角环线高速":[113.844527,22.282038]}
{"港珠澳大桥东人工岛+g4":[113.847211,22.281467]}
{"港珠澳大桥东人工岛+g94":[113.847211,22.281467]}
{"港珠澳大桥东人工岛+港珠澳大桥":[113.847211,22.281467]}
{"港珠澳大桥+港珠澳大桥东人工岛":[113.847211,22.281467]}
{"港珠澳大桥+港珠澳大橋香港連接路 hong kong-zhuhai-macao bridge hong kong link road":[113.850103,22.280639]}
{"港珠澳大桥+港珠澳大橋香港連接路 hong kong-zhuhai-macao hong kong link":[113.850103,22.280639]}
{"g4+港珠澳大橋香港連接路 hong kong-zhuhai-macao bridge hong kong link road":[113.850103,22.280639]}
{"g4+港珠澳大橋香港連接路 hong kong-zhuhai-macao hong kong link":[113.850103,22.280639]}
{"g94+港珠澳大橋香港連接路 hong kong-zhuhai-macao bridge hong kong link road":[113.850103,22.280639]}
{"g94+港珠澳大橋香港連接路 hong kong-zhuhai-macao hong kong link":[113.850103,22.280639]}
{"港珠澳大橋香港連接路 hong kong-zhuhai-macao bridge hong kong link road+港珠澳大桥":[113.850103,22.280639]}
{"港珠澳大橋香港連接路 hong kong-zhuhai-macao hong kong link+港珠澳大桥":[113.850103,22.280639]}
{"港珠澳大橋香港連接路 hong kong-zhuhai-macao bridge hong kong link road+g4":[113.850103,22.280639]}
{"港珠澳大橋香港連接路 hong kong-zhuhai-macao hong kong link+g4":[113.850103,22.280639]}
{"港珠澳大橋香港連接路 hong kong-zhuhai-macao bridge hong kong link road+g94":[113.850103,22.280639]}
{"港珠澳大橋香港連接路 hong kong-zhuhai-macao hong kong link+g94":[113.850103,22.280639]}
{"深屈道 sham wat road+東澳古道 tung-o ancient trail":[113.888232,22.271751]}
{"深屈道 sham wat+東澳古道 tung-o ancient":[113.888232,22.271751]}
{"深屈道 sham wat+東澳古道 tung-o ancient trail":[113.888232,22.271751]}
{"深屈道 sham wat road+東澳古道 tung-o ancient":[113.888232,22.271751]}
{"東澳古道 tung-o ancient trail+深屈道 sham wat road":[113.888232,22.271751]}
{"東澳古道 tung-o ancient+深屈道 sham wat":[113.888232,22.271751]}
{"東澳古道 tung-o ancient+深屈道 sham wat road":[113.888232,22.271751]}
{"東澳古道 tung-o ancient trail+深屈道 sham wat":[113.888232,22.271751]}
{"東澳古道 tung-o ancient trail+tingsi trail":[113.890512,22.276531]}
{"東澳古道 tung-o ancient+tingsi":[113.890512,22.276531]}
{"東澳古道 tung-o ancient+tingsi trail":[113.890512,22.276531]}
{"東澳古道 tung-o ancient trail+tingsi":[113.890512,22.276531]}
{"tingsi trail+東澳古道 tung-o ancient trail":[113.890512,22.276531]}
{"tingsi+東澳古道 tung-o ancient":[113.890512,22.276531]}
{"tingsi+東澳古道 tung-o ancient trail":[113.890512,22.276531]}
{"tingsi trail+東澳古道 tung-o ancient":[113.890512,22.276531]}
